dead_url,domain,category,file_count,files
https://abcnews.com/538/pro-israel-groups-spent-big-oust-squad-members/story,abcnews.com,DEAD,1,Stories/Published/Contradiction Deep Dives/Contradiction 12 - AIPAC Buys Progressive Cover for Bipartisan Israel Policy.md
https://abcnews.com/Politics/alex-acosta-former-us-attorney-negotiated-epsteins-plea/story,abcnews.com,DEAD,1,Politicians/Republicans/Trump Cabinet/Alexander Acosta/_Alexander Acosta Master Profile.md
https://abcnews.com/Politics/booker-returns-pharma-executives-money-claimed-accepted/story,abcnews.com,DEAD,1,Politicians/Democrats/Senate/Cory Booker/_Cory Booker Master Profile.md
https://abcnews.com/Politics/hegseth-earned-46m-salary-fox-news-host-past/story,abcnews.com,DEAD,1,Politicians/Republicans/Trump Cabinet/Pete Hegseth/Fox News to Pentagon - The Media-Military Pipeline.md
https://abcnews.com/Politics/marco-rubio-unanimously-confirmed-secretary-state-becoming-member/story,abcnews.com,DEAD,1,Politicians/Republicans/Trump Cabinet/Marco Rubio/_Marco Rubio Master Profile.md
https://abcnews.com/Politics/messages-yemen-war-plans-inadvertently-shared-reporter-timeline/story,abcnews.com,DEAD,1,Politicians/Republicans/Presidential/Donald Trump/Surveillance/Signalgate - The Yemen Strike Chat and the Security Theater.md
https://abcnews.com/Politics/mike-waltz-national-security-adviser-added-journalist-signal/story,abcnews.com,DEAD,1,Politicians/Republicans/Trump Cabinet/Michael Waltz/_Michael Waltz Master Profile.md
https://abcnews.com/Politics/rep-nancy-mace-position-lgbtq-community-appears-changed/story,abcnews.com,DEAD,1,Politicians/Republicans/House/Nancy Mace.md
https://abcnews.com/Politics/tulsi-gabbard-income-disclosure-wealth/story,abcnews.com,DEAD,1,Media & Influence Pipeline/The Revolving Door (Media) — Government-to-Media Personnel Pipeline.md
https://abcnews.com/Politics/white-house-faces-questions-uae-royals-investment-trump/story,abcnews.com,DEAD,1,Donors & Power Networks/Tech & Crypto/World Liberty Financial.md
https://abcnews.com/US/gabbards-views-russia-shaped-part-kremlin-propaganda-outlet/story,abcnews.com,DEAD,2,Politicians/Republicans/Trump Cabinet/Tulsi Gabbard/The Anti-Establishment Brand and the Foreign Influence Questions.md | Politicians/Republicans/Trump Cabinet/Tulsi Gabbard/_Tulsi Gabbard Master Profile.md
https://abcnews.com/US/linkedin-founder-reid-hoffmans-ties-jeffrey-epstein-face/story,abcnews.com,DEAD,1,Donors & Power Networks/Mega-Donors/Reid Hoffman.md
https://abcnews.com/US/lobbying-firm-close-ties-trump-poised-profit-new/story,abcnews.com,DEAD,1,Lobbying Firms & K Street/Ballard Partners.md
https://abcnews.com/US/trump-retweets-alt-activist-pushed-pizzagate-conspiracy/story,abcnews.com,DEAD,1,Media & Influence Pipeline/Right/Jack Posobiec.md
https://abcnews.com/US/trump-tapped-unprecedented-13-billionaires-top-administration-roles/story,abcnews.com,DEAD,1,Politicians/Republicans/Presidential/Donald Trump/Governance/The Billionaire Cabinet - Wealthiest Administration in History.md
https://abcnews.go.com/Politics/bloomberg-2020-campaign-spending/story,abcnews.go.com,DEAD,1,Donors & Power Networks/Mega-Donors/Michael Bloomberg.md
https://www.aclu.org/news/health-care-advocacy/,aclu.org,DEAD,1,Politicians/Democrats/Governors/Gavin Newsom/Healthcare/COVID No-Bid Contracts - Blue Shield and UnitedHealth.md
https://www.aclu.org/news/immigrants-rights/california-sanctuary-county-compliance-2024/,aclu.org,DEAD,1,Politicians/Democrats/Governors/Gavin Newsom/Immigration/Sanctuary State - SB 54 and What It Actually Does.md
https://www.aclu.org/press-releases/aclu-georgia-kemp-used-absentee-ballot-and-drop-box-in-november-then-signed-voter,aclu.org,DEAD,1,Politicians/Republicans/Governors/Brian Kemp.md
https://www.acluca.org/the-california-values-act-what-you-need-to-know/,acluca.org,DEAD,1,Politicians/Democrats/Governors/Gavin Newsom/Immigration/Sanctuary State - SB 54 and What It Actually Does.md
https://www.aclunc.org/our-work/legal-docket/care-court,aclunc.org,DEAD,1,Politicians/Democrats/Governors/Gavin Newsom/Healthcare/Mental Health CARE Court and Forced Treatment.md
https://www.aclusocal.org/en/campaigns/end-ice-detention-california,aclusocal.org,DEAD,1,Politicians/Democrats/Governors/Gavin Newsom/Immigration/Private Detention - AB 32.md
https://act.rootsaction.org/p/dia/action/public/,act.rootsaction.org,CONNECTION_ERROR,1,Politicians/Democrats/Senate/Dianne Feinstein.md
https://www.adl.org/resources/blog/rumble-emerges-platform-choice-antisemitic-and-far-right-extremist-content,adl.org,DEAD,1,Media & Influence Pipeline/Right/Rumble.md
https://www.adn.com/politics/2025/11/14/oil-industry-keeps-funding-republicans-despite-climate-crisis/,adn.com,DEAD,1,Stories/Published/2026 Senate Races/Alaska 2026 Senate Race.md
https://www.aflcio.org/news/ohio-afl-cio-endorses-amy-acton-governor,aflcio.org,DEAD,1,Politicians/Democrats/Governors/Amy Acton/The Labor Coalition and What Unions Expect.md
https://www.afpm.org/newsroom/news/afpm-statement-president-trumps-executive-orders-unleashing-american-energy,afpm.org,DEAD,1,Donors & Power Networks/Energy & Utilities/American Fuel and Petrochemical Manufacturers.md
https://www.alaskapublic.org/2026/03/alaska-native-voting-power-2026,alaskapublic.org,DEAD,1,Stories/Published/2026 Senate Races/Alaska 2026 Senate Race.md
https://www.americanbanker.com/maxine-waters-financial-services/,americanbanker.com,DEAD,1,Politicians/Democrats/House/Maxine Waters/The Financial Services Committee and Wall Street Oversight.md
https://www.americanfriendsoflikud.org,americanfriendsoflikud.org,CONNECTION_ERROR,1,Politicians/International/Benjamin Netanyahu/The American Donor Network.md
https://www.americanimmigrationcouncil.org/research/h-1b-visa-program-overview,americanimmigrationcouncil.org,DEAD,1,Donors & Power Networks/Tech & Crypto/Silicon Valley Democratic Donor Network.md
https://americanoversight.org/investigation/the-constitutional-sheriffs-movement-and-its-threat-democracy/,americanoversight.org,DEAD,1,Politicians/Races/CA Governor 2026/Chad Bianco/Far-Right Affiliations/CSPOA - The Anti-Government Sheriff Network.md
https://www.americanprogress.org/article/sb54-compliance-california/,americanprogress.org,DEAD,1,Politicians/Democrats/Governors/Gavin Newsom/Immigration/Sanctuary State - SB 54 and What It Actually Does.md
https://americansfortaxfairness.org/issue/carried-interest/,americansfortaxfairness.org,DEAD,2,Donors & Power Networks/Wall Street/Blackstone Group.md | Donors & Power Networks/Wall Street/Private Equity Industry Bloc.md
https://americansfortaxfairness.org/tax-fairness-briefing-booklet/fact-sheet-koch-brothers-exposed-billionaires-fuel-extreme-right/,americansfortaxfairness.org,DEAD,1,Donors & Power Networks/Mega-Donors/Koch Network - Charles Koch.md
https://www.amyacton.com/healthcare-plan,amyacton.com,DEAD,1,Politicians/Democrats/Governors/Amy Acton/The Healthcare Platform and the Insurance Industry Question.md
https://www.auditor.ca.gov/reports/2020-128/index.html,auditor.ca.gov,DEAD,1,Politicians/Democrats/Governors/Gavin Newsom/Criminal Justice/San Quentin - COVID Disaster and Rehabilitation Theater.md
https://bettergov.org/illinois-igaming,bettergov.org,DEAD,1,Stories/Published/Investigations/Sports Gambling Industry State Capture.md
https://www.biologicaldiversity.org/programs/energy-justice/california/,biologicaldiversity.org,DEAD,1,Politicians/Democrats/Governors/Gavin Newsom/Environment/Fracking and Oil Permits - Green Branding vs. Record.md
https://www.bostonglobe.com/metro/2018/10/23/lawmakers-are-calling-for-halt-saudi-arms-sales-that-could-mean-big-hit-for-raytheon/,bostonglobe.com,DEAD,1,Politicians/Democrats/House/Jim McGovern/_Jim McGovern Master Profile.md
https://www.brookings.edu/articles/alec-model-bills-are-more-likely-to-become-law-heres-why/,brookings.edu,DEAD,1,Donors & Power Networks/Mega-Donors/Koch Network - Charles Koch.md
https://www.brookings.edu/articles/opportunity-zones-what-we-know-and-what-we-dont/,brookings.edu,DEAD,1,Donors & Power Networks/Real Estate/Real Estate Roundtable.md
https://www.brownfieldagnews.com/news/hinson-introduces-eats-act/,brownfieldagnews.com,DEAD,1,Politicians/Republicans/Senate/Ashley Hinson/E15 Ethanol and Agricultural Subsidy Advocacy.md
https://bush.house.gov/about,bush.house.gov,CONNECTION_ERROR,1,Politicians/Democrats/House/Cori Bush/_Cori Bush Master Profile.md
https://campaignlegalcenter.org/our-work/litigation/foreign-donor-disclosure-ballot-measures,campaignlegalcenter.org,DEAD,1,Stories/Published/Investigations/Foreign Money in State Ballot Initiatives.md
https://www.causeiq.com/organizations/league-of-conservation-voters,causeiq.com,DEAD,1,Donors & Power Networks/Super PACs/League of Conservation Voters.md
https://www.cbsnews.com/news/gop-megadonor-richard-uihlein-pours-millions-into-effort-to-hinder-ohio-abortion-amendment/,cbsnews.com,DEAD,1,Donors & Power Networks/Mega-Donors/Richard and Elizabeth Uihlein.md
https://www.cbsnews.com/news/laphonza-butler-senate-california-gavin-newsom-dianne-feinstein-seat-rcna118052,cbsnews.com,DEAD,2,Politicians/Democrats/Senate/Catherine Cortez Masto.md | Politicians/Democrats/Senate/Laphonza Butler.md
https://cces.mit.edu/team/lex-fridman/,cces.mit.edu,DEAD,1,Media & Influence Pipeline/Centrist/Lex Fridman.md
https://www.cde.ca.gov/cd/ci/charter/,cde.ca.gov,DEAD,1,Politicians/Democrats/Governors/Gavin Newsom/Education/Charter Schools and the Billionaire Reform Movement.md
https://www.cde.ca.gov/ci/gs/tk/,cde.ca.gov,DEAD,1,Politicians/Democrats/Governors/Gavin Newsom/Education/Universal Pre-K and Transitional Kindergarten.md
https://cdn.ca9.uscourts.gov/datastore/opinions/2022/04/15/20-16496.pdf,cdn.ca9.uscourts.gov,DEAD,1,Politicians/Democrats/Governors/Gavin Newsom/Immigration/Private Detention - AB 32.md
https://www.cfr.org/experts/colin-powell,cfr.org,DEAD,1,Politicians/Republicans/Trump Cabinet/Colin Powell/_Colin Powell Master Profile.md
https://www.cfr.org/experts/condoleezza-rice,cfr.org,DEAD,1,Politicians/Republicans/Trump Cabinet/Condoleezza Rice/_Condoleezza Rice Master Profile.md
https://www.chicagotribune.com/politics/ct-aipac-spending-illinois-20240930-story.html,chicagotribune.com,DEAD,1,Donors & Power Networks/Super PACs/Affordable Chicago Now PAC.md
https://www.childtrends.org/publications/california-childcare-2024,childtrends.org,DEAD,1,Politicians/Democrats/Governors/Gavin Newsom/Education/Universal Pre-K and Transitional Kindergarten.md
https://cisac.stanford.edu/about/director,cisac.stanford.edu,DEAD,1,Politicians/Republicans/Trump Cabinet/Condoleezza Rice/_Condoleezza Rice Master Profile.md
https://www.citizen.org/article/chamber-of-secrets/,citizen.org,DEAD,1,Donors & Power Networks/Dark Money/US Chamber of Commerce.md
https://www.citizen.org/article/congressional-leadership-fund-fossil-fuel-spending-2020-2022/,citizen.org,DEAD,1,Politicians/Republicans/House/_Kevin McCarthy Master Profile.md
https://www.citizen.org/article/farm-subsidy-analysis-congress/,citizen.org,DEAD,1,Politicians/Republicans/House/_Frank Lucas Master Profile.md
https://www.citizensforethics.org/analysis-kevin-mccarthy-oil-industry-funding/,citizensforethics.org,DEAD,1,Politicians/Republicans/House/_Kevin McCarthy Master Profile.md
https://www.citizensforethics.org/analysis/the-sedition-caucus/,citizensforethics.org,DEAD,1,Politicians/Republicans/Presidential/Donald Trump/January 6th & Election Denial/The Insurrection Investment - Who Funded January 6th and What They Got.md
http://classic.maplight.org/corework,classic.maplight.org,CONNECTION_ERROR,1,Stories/Published/Voting Record Layer - When Donors Vote Through Their Politicians.md
https://www.cleveland.com/politics/2020/05/ohio-senate-blocks-house-bill-limiting-health-directors-power.html,cleveland.com,DEAD,1,Politicians/Democrats/Governors/Amy Acton/The COVID Tenure and the Political Fallout.md
https://www.cms.gov/data-research/statistics-trends-and-reports,cms.gov,DEAD,1,Donors & Power Networks/Healthcare/Blue Cross Blue Shield Association.md
https://www.cms.gov/marketplace-state-data/ohio,cms.gov,DEAD,1,Politicians/Democrats/Governors/Amy Acton/The Healthcare Platform and the Insurance Industry Question.md
https://www.cnbc.com/2017/02/03/blackstones-schwarzman-on-trump-business-advisory-council.html,cnbc.com,DEAD,1,Donors & Power Networks/Real Estate/Real Estate Roundtable.md
https://www.cnbc.com/2017/06/26/koch-network-warns-donors-are-closing-wallets-until-they-see-legislative-progress.html,cnbc.com,DEAD,1,Donors & Power Networks/Mega-Donors/Koch Network - Charles Koch.md
https://www.cnbc.com/2019/03/28/cory-booker-lines-up-support-in-the-financial-industry-to-help-him-raise-cash-for-2020/,cnbc.com,DEAD,1,Stories/Published/Contradiction Deep Dives/Contradiction 01 - Goldman Sachs Funds Both Sides of Financial Regulation.md
https://www.cnbc.com/2022/08/04/kyrsten-sinema-demands-carried-interest-change-removed-from-manchin-schumer-climate-deal.html,cnbc.com,DEAD,1,Donors & Power Networks/Real Estate/Real Estate Roundtable.md
https://www.cnbc.com/2023/06/30/supreme-court-blocks-biden-student-loan-forgiveness-plan.html,cnbc.com,DEAD,1,Politicians/Democrats/Presidential/Joe Biden/The Student Loan Gambit - Promise Block and Political Credit.md
https://www.cnbc.com/2024/03/15/rebekah-mercer-trump.html,cnbc.com,DEAD,1,Donors & Power Networks/Mega-Donors/Rebekah Mercer.md
https://www.cnbc.com/2024/07/reed-hastings-kamala-harris-donation/,cnbc.com,DEAD,1,Donors & Power Networks/Media & Entertainment/Hollywood Democratic Donor Network.md
https://www.cnbc.com/2024/11/07/timothy-mellon-quietly-spent-165-million-on-2024-election-making-him-second-largest-donor.html,cnbc.com,DEAD,1,Donors & Power Networks/Mega-Donors/Timothy Mellon.md
https://www.cnbc.com/2024/11/13/crypto-firms-dump-77-million-into-fairshake-pac-for-2026/,cnbc.com,DEAD,1,Politicians/Races/CA Governor 2026/Katie Porter/Fairshake and the Crypto Industry War.md
https://www.cnbc.com/2025/03/14/david-sacks-sold-200-million-in-crypto-holdings-before-wh-job.html,cnbc.com,DEAD,1,Media & Influence Pipeline/The Both-Sides Illusion (Media Edition) — Shared Infrastructure Behind Opposing Voices.md
https://www.cnn.com/2019/02/tech/amazon-hq2-nyc,cnn.com,DEAD,1,Donors & Power Networks/Tech & Crypto/Amazon.md
https://www.cnn.com/2025/01/25/politics/crypto-regulation-gensler-replacement/,cnn.com,DEAD,1,Donors & Power Networks/Tech & Crypto/Fairshake PAC.md
https://www.cnn.com/2025/06/15/politics/musk-trump-breakup/,cnn.com,DEAD,1,Donors & Power Networks/Mega-Donors/Elon Musk.md
https://www.cnn.com/technology/elon-musk-sues-media-matters/index.html,cnn.com,DEAD,1,Donors & Power Networks/Dark Money/Media Matters.md
https://www.cnpaction.org/,cnpaction.org,CONNECTION_ERROR,1,Media & Influence Pipeline/Right/Dinesh D'Souza.md
https://cointelegraph.com/news/rep-mike-collins-accepting-crypto-donations-campaign,cointelegraph.com,DEAD,1,Politicians/Republicans/Senate/Mike Collins/Crypto and AIPAC's Georgia Strategy.md
https://cole.house.gov/media/press-releases/cole-votes-favor-fiscal-year-2026-defense-appropriations-bill,cole.house.gov,DEAD,1,Politicians/Republicans/House/Tom Cole/_Tom Cole Master Profile.md
https://www.commondreams.org/news/2021/03/05/here-are-8-democrats-who-just-joined-gop-to-vote-down-sanders-15-minimum-wage-amendment,commondreams.org,DEAD,1,Stories/Published/Voting Record Layer - When Donors Vote Through Their Politicians.md
https://www.commondreams.org/views/2019/09/05/walton-family-plot-privatize-public-schools-of-arkansas,commondreams.org,DEAD,1,Politicians/Republicans/Governors/Sarah Huckabee Sanders/The LEARNS Act and the Education Privatization Donor Network.md
https://connolly.house.gov/about/full-biography.htm,connolly.house.gov,CONNECTION_ERROR,1,Politicians/Democrats/House/Gerry Connolly/_Gerry Connolly Master Profile.md
https://www.consumerfinance.gov/about-us/newsroom/cfpb-ordered-return-about-21-billion-in-relief-to-consumers/,consumerfinance.gov,DEAD,1,Politicians/Democrats/Senate/Elizabeth Warren/_Elizabeth Warren Master Profile.md
https://www.consumerfinance.gov/about-us/newsroom/statements-speeches/history-of-the-cfpb/,consumerfinance.gov,DEAD,1,Politicians/Democrats/Senate/Elizabeth Warren/The CFPB and the Limits of Reform Within the System.md
https://convention.acec.org/speakers/congressman-rick-larsen/,convention.acec.org,DEAD,1,Politicians/Democrats/House/Rick Larsen/_Rick Larsen Master Profile.md
https://corpgov.law.harvard.edu/2016/01/24/why-the-government-didnt-prosecute-wall-street-the-case-of-the-2008-financial-crisis/,corpgov.law.harvard.edu,DEAD,1,Politicians/Democrats/Presidential/Barack Obama/The Bank Bailout and the Prosecution That Never Came.md
https://costsofwar.watson.brown.edu/papers/2025/MilitaryContractors,costsofwar.watson.brown.edu,DEAD,1,Donors & Power Networks/Defense & Intelligence/Lockheed Martin.md
https://credo.stanford.edu/2024-california-tk-outcomes,credo.stanford.edu,DEAD,1,Politicians/Democrats/Governors/Gavin Newsom/Education/Universal Pre-K and Transitional Kindergarten.md
https://crew.org/report/dark-money-think-tanks/,crew.org,DEAD,1,Stories/Published/Investigations/Think Tank Capture - Foreign Governments Writing US Policy.md
https://crew.org/report/foreign-dark-money/,crew.org,DEAD,1,Stories/Published/Investigations/Foreign Money in State Ballot Initiatives.md
https://crew.org/reports/,crew.org,DEAD,1,Stories/Published/Investigations/Crypto PAC Regulatory Capture - Fairshake 2026.md
https://www.currentaffairs.org/posts/the-guy-who-just-loves-everyone,currentaffairs.org,DEAD,1,Media & Influence Pipeline/Centrist/Lex Fridman.md
https://dealbook.nytimes.com/2014/12/11/citigroup-and-other-big-banks-win-a-round-in-dodd-frank-rollback/,dealbook.nytimes.com,DEAD,1,Donors & Power Networks/Wall Street/Citigroup.md
https://www.defensenews.com/air/2024/11/25/air-force-awards-boeing-2-4-billion-contract-for-kc-46-tankers/,defensenews.com,DEAD,1,Politicians/Democrats/Senate/Patty Murray/_Patty Murray Master Profile.md
https://www.defensenews.com/general-dynamics/,defensenews.com,DEAD,1,Donors & Power Networks/Defense & Intelligence/General Dynamics.md
https://www.defensenews.com/industry/2023/03/20/the-true-cost-of-iraq-war/,defensenews.com,DEAD,1,Politicians/Republicans/Trump Cabinet/Colin Powell/_Colin Powell Master Profile.md
https://democracyfund.org/grants/voter-contact-coordination-research/,democracyfund.org,DEAD,1,Donors & Power Networks/Dark Money/America Votes.md
https://www.democracynow.org/2016/3/11/the_vulture-how_billionaire_rubio_backer,democracynow.org,DEAD,1,Stories/Published/Contradiction Deep Dives/Contradiction 07 - Schwarzman and Singer Fund Every Republican Faction.md
https://www.democrats.org/problem-solvers-caucus,democrats.org,DEAD,1,Politicians/Democrats/House/_Josh Gottheimer Master Profile.md
https://deq.nc.gov/about/divisions/waste-management/coal-ash-management,deq.nc.gov,DEAD,1,Donors & Power Networks/Energy & Utilities/Duke Energy.md
https://www.desmog.com/national-association-of-manufacturers/,desmog.com,DEAD,1,Donors & Power Networks/Dark Money/National Association of Manufacturers.md
https://www.desmoinesregister.com/grassley/,desmoinesregister.com,DEAD,1,Politicians/Republicans/Senate/Chuck Grassley/_Chuck Grassley Master Profile.md
https://www.detroitnews.com/story/news/nation/2022/11/21/gops-lackluster-fundraising-spurs-post-election-infighting/69667317007/,detroitnews.com,DEAD,1,Politicians/Republicans/Senate/Rick Scott/NRSC Chair and the McConnell Spending War.md
https://www.detroitnews.com/story/news/politics/2020/10/09/michigan-u-s-senate-races-turns-into-total-air-war-covid-19-era/3578413001/,detroitnews.com,REDIRECT_LOOP,1,Politicians/Democrats/Senate/Gary Peters/_Gary Peters Master Profile.md
https://www.detroitnews.com/story/news/politics/2025/08/01/crownquest-texas-oil-and-gas-tim-dunn-gives-5-million-to-mike-rogers-super-pac-michigan-senate/85472913007/,detroitnews.com,REDIRECT_LOOP,2,Donors & Power Networks/Mega-Donors/Tim Dunn.md | Donors & Power Networks/Super PACs/Great Lakes Conservatives Fund.md
https://www.dfeh.ca.gov/carb/,dfeh.ca.gov,DEAD,1,Politicians/Democrats/Governors/Gavin Newsom/Labor/Farmworker Union Rights - AB 2183 Veto and Reversal.md
https://www.dhs.gov/publication/budget-overview,dhs.gov,DEAD,1,Politicians/Republicans/Presidential/Donald Trump/Immigration/Immigration Enforcement - The Detention Economy.md
https://www.dhs.gov/sites/default/files/2023-03/DHS%20BIB%20-%20web%20version.pdf,dhs.gov,DEAD,1,Politicians/Democrats/House/Bennie Thompson/_Bennie Thompson Master Profile.md
https://www.dir.ca.gov/dls/prevailing-wage.html,dir.ca.gov,DEAD,1,Donors & Power Networks/Labor Unions/IBEW California State Association.md
https://www.disabilityrightsca.org/news/sb-43-gravely-disabled,disabilityrightsca.org,DEAD,1,Politicians/Democrats/Governors/Gavin Newsom/Healthcare/Mental Health CARE Court and Forced Treatment.md
https://dlnews.com/articles/fairshake-191-million,dlnews.com,DEAD,1,Stories/Published/Investigations/Crypto PAC Regulatory Capture - Fairshake 2026.md
https://dlnews.com/articles/fairshake-cash-record,dlnews.com,DEAD,1,Stories/Published/Investigations/Crypto PAC Regulatory Capture - Fairshake 2026.md
https://www.dlnews.com/articles/markets/crypto-loses-illinois-vote-but-fairshake-vows-to-fight-on/,dlnews.com,DEAD,1,Politicians/Democrats/Senate/Juliana Stratton/Illinois Senate Primary Money War.md
https://www.dol.gov/agencies/eta/naws,dol.gov,DEAD,1,Politicians/Democrats/Governors/Gavin Newsom/Immigration/H-2A Guest Worker Pipeline and Farmworker Vulnerability.md
https://www.dol.gov/agencies/olms,dol.gov,DEAD,1,Donors & Power Networks/Education/National Education Association.md
https://www.dol.gov/agencies/whd/agriculture/h2a,dol.gov,DEAD,1,Donors & Power Networks/Agriculture/Agricultural Labor Vulnerability Donors.md
https://www.dol.gov/agencies/whd/government-contracts/prevailing-wage,dol.gov,DEAD,1,Donors & Power Networks/Labor Unions/IBEW - International Brotherhood of Electrical Workers.md
https://www.dol.gov/agencies/whd/minimum-wage/history,dol.gov,DEAD,1,Donors & Power Networks/Restaurant & Food/National Restaurant Association.md
https://www.dropsitenews.com/author/jeremy-scahill/,dropsitenews.com,DEAD,1,Media & Influence Pipeline/Left/Jeremy Scahill.md
https://www.dropsitenews.com/author/ryan-grim/,dropsitenews.com,DEAD,1,Media & Influence Pipeline/Left/Ryan Grim.md
https://www.eastbaytimes.com/2013/02/14/chevron-agrees-to-pay-90-million-to-settle-richmond-refinery-fire-claims/,eastbaytimes.com,DEAD,1,Donors & Power Networks/Energy & Utilities/Chevron.md
https://www.eastbaytimes.com/2026/02/09/in-the-race-for-california-governor-steve-hilton-has-a-new-target-fellow-republican-chad-bianco/,eastbaytimes.com,DEAD,1,Politicians/Races/CA Governor 2026/Chad Bianco/2026 Governor Race/The Gubernatorial Pivot - From Sheriff to Culture War Candidate.md
https://www.ebsco.com/research-starters/communication-and-mass-media/fairness-and-accuracy-reporting-fair,ebsco.com,DEAD,1,Media & Influence Pipeline/The Both-Sides Illusion (Media Edition) — Shared Infrastructure Behind Opposing Voices.md
https://www.ebsco.com/research-starters/politics-and-government/maria-cantwell,ebsco.com,DEAD,1,Politicians/Democrats/Senate/Maria Cantwell/_Maria Cantwell Master Profile.md
https://www.ebsco.com/research-starters/social-sciences-and-humanities/cuban-american-national-foundation-canf,ebsco.com,DEAD,1,Stories/Published/Investigations/The Nuestra America Convoy - How the Donor Class Attacked a Humanitarian Mission.md
https://economicrt.org/publication/rights-at-risk/,economicrt.org,DEAD,1,Politicians/Democrats/Governors/Gavin Newsom/Labor/Prop 22 - The $200M Corporate Rollback.md
https://www.edweek.org/policy-politics/bobby-scott,edweek.org,DEAD,1,Politicians/Democrats/House/Bobby Scott/_Bobby Scott Master Profile.md
https://www.eenews.net/articles/mccarthy-gets-most-oil-gas-money-of-any-house-member/,eenews.net,DEAD,1,Politicians/Republicans/House/_Kevin McCarthy Master Profile.md
https://www.eff.org/deeplinks/2013/06/prism-what-we-know,eff.org,DEAD,1,Politicians/Democrats/Presidential/Barack Obama/The Silicon Valley Presidency - Google Surveillance and Market Dominance.md
https://efile.fara.gov/efile/Submissions.aspx,efile.fara.gov,DEAD,1,Donors & Power Networks/Dark Money/Ballard Partners.md
https://efile.fara.gov/ords/fara/f,efile.fara.gov,DEAD,4,Donors & Power Networks/Foreign/Israel - Government Lobbying Operation.md | Donors & Power Networks/Foreign/Saudi Arabia - Kingdom Investment.md | Donors & Power Networks/Foreign/Turkey - Erdogan Lobbying Operation.md | Donors & Power Networks/Foreign/United Arab Emirates - Influence Operation.md
https://www.emcresearch.com/ohio-polls,emcresearch.com,DEAD,1,Stories/Published/Ohio 2026 - The Donor Pipeline Comparison - Acton vs Ramaswamy.md
https://www.emcresearch.org/polls,emcresearch.org,CONNECTION_ERROR,1,Stories/Published/Ohio 2026 Governor Race - The Structural Landscape.md
https://www.emilyslist.org/candidate-support-2026,emilyslist.org,DEAD,1,Stories/Published/2026 Senate Races/New Hampshire 2026 Senate Race.md
https://eu.detroitnews.com/story/news/politics/2025/04/12/gretchen-whitmer-trump-white-house-oval-office-meeting-michigan-republican-party-debt/83043091007/,eu.detroitnews.com,REDIRECT_LOOP,1,Politicians/Democrats/Governors/Gretchen Whitmer/The 2028 Positioning and the Donor-Class Audition.md
https://www.ewg.org/news-insights/news/2023/05/debt-ceiling-deal-bails-out-fossil-fuels,ewg.org,DEAD,1,Politicians/Republicans/House/_Kevin McCarthy Master Profile.md
https://www.ewg.org/news-insights/news/sugar-subsidies-analysis,ewg.org,DEAD,1,Stories/Published/2026 Senate Races/Florida 2026 Special Senate Election.md
https://exposedbycdn.org/2021/10/who-behind-anti-crt-movement/,exposedbycdn.org,CONNECTION_ERROR,1,Media & Influence Pipeline/Right/Christopher Rufo.md
https://www.farmworkerjustice.org/advocacy-and-programs/h-2a-guestworker-program/,farmworkerjustice.org,DEAD,1,Politicians/Democrats/Governors/Gavin Newsom/Immigration/H-2A Guest Worker Pipeline and Farmworker Vulnerability.md
https://fas.org/publication/f-35-program-cost/,fas.org,DEAD,1,Donors & Power Networks/Defense & Intelligence/Lockheed Martin.md
https://www.fda.gov/drugs/therapeutic-biologics-applications-bla/insulin,fda.gov,DEAD,1,Donors & Power Networks/Pharma & Healthcare/Novo Nordisk.md
https://www.fec.gov/data/candidate/,fec.gov,DEAD,3,"Politicians/Republicans/Trump Cabinet/Colin Powell/_Colin Powell Master Profile.md | Politicians/Republicans/Trump Cabinet/Condoleezza Rice/_Condoleezza Rice Master Profile.md | Stories/Published/Cross-Politician Analysis/Defense-Pharma-Carceral-Labor-Wexner Cross-Reference - Five Donors, One System.md"
https://www.fec.gov/data/candidate/H2OH08055/,fec.gov,DEAD,1,Politicians/Republicans/House/John Boehner/_John Boehner Master Profile.md
https://www.fec.gov/data/candidate/H2WI01055/,fec.gov,DEAD,1,Politicians/Republicans/House/Paul Ryan/_Paul Ryan Master Profile.md
https://www.fec.gov/data/candidate/P00010802/,fec.gov,DEAD,1,Politicians/Democrats/Governors/Tim Walz/_Tim Walz Master Profile.md
https://www.fec.gov/data/candidate/S0702061/,fec.gov,DEAD,1,Politicians/Democrats/Senate/Harry Reid/_Harry Reid Master Profile.md
https://www.fec.gov/data/candidate/S6LA00182/,fec.gov,DEAD,1,Stories/Published/2026 Senate Races/Louisiana 2026 Senate Race.md
https://www.federalreserve.gov/econres/notes/feds-notes/institutional-investors-single-family-housing.html,federalreserve.gov,DEAD,1,Donors & Power Networks/Real Estate/Invitation Homes - Institutional Landlords.md
https://www.federaltimes.com/management/2024/01/15/afge-federal-workforce/,federaltimes.com,DEAD,1,Donors & Power Networks/Labor Unions/AFGE - American Federation of Government Employees.md
https://www.fiercehealthcare.com/hospitals/from-340b-to-price-transparency-here-are-3-takeaways-from-xavier-becerras-confirmation,fiercehealthcare.com,DEAD,1,Politicians/Races/CA Governor 2026/Xavier Becerra/The HHS Record and the Healthcare Industry Question.md
https://fightforthefuture.org/tracking-net-neutrality-opposition/,fightforthefuture.org,DEAD,1,Politicians/Republicans/House/_Cathy McMorris Rodgers Master Profile.md
https://www.finance.senate.gov/chairmans-news/grassley-wyden-release-insulin-investigation,finance.senate.gov,DEAD,1,Donors & Power Networks/Pharma & Healthcare/Novo Nordisk.md
https://www.floir.com/reports,floir.com,DEAD,1,Stories/Published/2026 Senate Races/Florida 2026 Special Senate Election.md
https://www.floridadaily.com/mario-diaz-balart-plans-to-use-appropriations-assignments-to-help-israel-take-aim-at-cuban-venezuelan-regimes/,floridadaily.com,DEAD,1,Politicians/Republicans/House/Mario Diaz-Balart/_Mario Diaz-Balart Master Profile.md
https://www.fns.usda.gov/snap/retailer-data,fns.usda.gov,DEAD,1,Donors & Power Networks/Mega-Donors/Walmart - Walton Family.md
https://followthemoney.org/entity-candidate/OH/36088-Amy-Acton,followthemoney.org,DEAD,1,Stories/Published/Ohio 2026 - The Donor Pipeline Comparison - Acton vs Ramaswamy.md
https://followthemoney.org/entity-donor/Ohio-Democratic-Party,followthemoney.org,DEAD,1,Stories/Published/Ohio 2026 - The Donor Pipeline Comparison - Acton vs Ramaswamy.md
https://followthemoney.org/entity-race/OH/Governor/2026,followthemoney.org,DEAD,1,Stories/Published/Ohio 2026 - The Donor Pipeline Comparison - Acton vs Ramaswamy.md
https://followthemoney.org/research/institute-reports/names-in-news-michigans-devos-family,followthemoney.org,DEAD,1,Donors & Power Networks/Education/DeVos Family.md
https://www.followthemoney.org/race/OH/GU/2026,followthemoney.org,DEAD,1,Stories/Published/Ohio 2026 Governor Race - The Structural Landscape.md
https://www.followthemoney.org/show-candidates,followthemoney.org,DEAD,1,Politicians/Republicans/Governors/Sarah Huckabee Sanders/Sarah Huckabee Sanders.md
https://www.fool.com/investing/2019/01/29/nucor-corporation-just-had-its-most-profitable-yea.html,fool.com,DEAD,1,Donors & Power Networks/Defense & Intelligence/Nucor Corporation.md
https://www.forbes.com/profile/jim-himes/,forbes.com,DEAD,1,Politicians/Democrats/House/Jim Himes/_Jim Himes Master Profile.md
https://www.forbes.com/sites/mattdurot/2023/10/10/billionaire-charles-koch-shares-his-secret-plan/,forbes.com,DEAD,1,Donors & Power Networks/Mega-Donors/Koch Network - Charles Koch.md
https://www.forbes.com/sites/moesbachs/2024/08/07/koch-fertilizer-expands-with-36-billion-iowa-acquisition/,forbes.com,DEAD,1,Donors & Power Networks/Energy & Utilities/Koch Industries.md
https://fortune.com/2016/11/17/trump-transition-women/,fortune.com,DEAD,1,Donors & Power Networks/Mega-Donors/Rebekah Mercer.md
https://fortune.com/2020/11/09/pfizer-vaccine-funding-warp-speed/,fortune.com,DEAD,1,Donors & Power Networks/Pharma & Healthcare/Pfizer.md
https://fortune.com/2024/09/15/openai-sacramento-ai-regulation/,fortune.com,DEAD,1,Stories/Published/Investigations/AI Deregulation Super PAC - Leading the Future.md
https://fortune.com/2025/01/31/senate-confirms-doug-burgum-as-trumps-interior-secretary-tasked-with-boosting-fossil-fuel-production-to-achieve-energy-dominance/,fortune.com,DEAD,1,Politicians/Republicans/Trump Cabinet/Doug Burgum/_Doug Burgum Master Profile.md
https://fortune.com/2025/10/15/timothy-mellon-donates-130-million-to-military-pay-during-shutdown/,fortune.com,DEAD,1,Donors & Power Networks/Mega-Donors/Timothy Mellon.md
https://fortune.com/openai-deregulation,fortune.com,DEAD,1,Stories/Published/Investigations/AI Deregulation Super PAC - Leading the Future.md
https://fortune.com/person/timothy-mellon/,fortune.com,DEAD,1,Donors & Power Networks/Mega-Donors/Timothy Mellon.md
https://fortune.com/sector/energy/,fortune.com,DEAD,1,Donors & Power Networks/Energy & Utilities/Fossil Fuel Bloc.md
https://fossulfuelbloc.md/,fossulfuelbloc.md,CONNECTION_ERROR,1,Stories/Published/2026 Senate Races/Texas 2026 Senate Race.md
https://www.foxnews.com/politics/trump-aligned-super-pac-enters-2026-with-nearly-300m-war-chest.amp,foxnews.com,DEAD,1,Stories/Published/2026 House Races/2026 House Money Map.md
https://www.fppc.ca.gov/transparency/behested-payments.html,fppc.ca.gov,CONNECTION_ERROR,1,Donors & Power Networks/Healthcare/Blue Shield of California.md
https://www.fppc.ca.gov/transparency/top-contributors/jun-18-primary.html,fppc.ca.gov,CONNECTION_ERROR,1,Stories/Published/Cross-Politician Contradiction Map - The Both-Sides Illusion With Receipts.md
https://www.ftc.gov/news-events/news/2024/09/ftc-supports-pbm-regulation-california,ftc.gov,DEAD,1,Politicians/Democrats/Governors/Gavin Newsom/Healthcare/Prescription Drug Pricing - PBM Veto Cycle.md
https://www.ftc.gov/system/files/attachments/merger-investigation-matters/130103googlewirthabstandingstatement.pdf,ftc.gov,DEAD,1,Politicians/Democrats/Presidential/Barack Obama/The Silicon Valley Presidency - Google Surveillance and Market Dominance.md
https://gizmodo.com/ai-deregulation,gizmodo.com,DEAD,1,Stories/Published/Investigations/AI Deregulation Super PAC - Leading the Future.md
https://www.gmfus.org/publication/british-funding-us-think-tanks,gmfus.org,DEAD,1,Stories/Published/Investigations/Think Tank Capture - Foreign Governments Writing US Policy.md
https://www.gmfus.org/publication/foreign-money-dark-money-networks,gmfus.org,DEAD,1,Stories/Published/Investigations/Foreign Money in State Ballot Initiatives.md
https://www.gmfus.org/publication/think-tank-funding,gmfus.org,DEAD,1,Stories/Published/Investigations/Think Tank Capture - Foreign Governments Writing US Policy.md
https://www.gmfus.org/publication/think-tank-funding-analysis,gmfus.org,DEAD,1,Stories/Published/Investigations/Think Tank Capture - Foreign Governments Writing US Policy.md
https://www.gov.ca.gov/2023/10/01/governor-newsom-appoints-laphonza-butler-senate/,gov.ca.gov,DEAD,1,Politicians/Democrats/Senate/Laphonza Butler.md
https://www.greenpeace.org/usa/a-brief-history-of-kelcy-warren-and-trump/,greenpeace.org,DEAD,1,Stories/Published/Contradiction Deep Dives/Contradiction 13 - DAPL Survives Both Parties - The Bipartisan Fossil Fuel Consensus.md
https://www.haaretz.com/misc/tags/TAG_netanyahu_corruption,haaretz.com,DEAD,1,Politicians/International/Benjamin Netanyahu/Israel Hayom and the Corruption Cases.md
https://www.hollywoodreporter.com/news/general-news/jeffrey-katzenberg-democrat-donations-fundraising-hollywood-strikes-4088888/,hollywoodreporter.com,DEAD,1,Donors & Power Networks/Media & Entertainment/Hollywood Democratic Donor Network.md
https://www.hrw.org/news/2024/12/16/us-lasting-harm-from-family-separation-border,hrw.org,DEAD,1,Politicians/Republicans/Presidential/Donald Trump/Immigration/Family Separation - Zero Tolerance and Who Profited.md
https://www.ibew.org/articles/23ElectricalWorker/EW2310/EVITP.html,ibew.org,DEAD,1,Donors & Power Networks/Labor Unions/IBEW Local 477 - San Bernardino.md
https://www.icij.org/news/2026/03/irs-criminal-referrals-against-big-corporations-and-ultrawealthy-plummeted-during-trump-s-first-year/,icij.org,DEAD,1,Politicians/Republicans/Presidential/Donald Trump/Governance/Schedule F and the Deep State Purge - Replacing Civil Servants with Loyalists.md
https://www.idahopress.com/news/local/crapo-staffer-told-fbi-the-senator-gave-permission-for-250k-campaign-investment-into-get-rich/,idahopress.com,DEAD,1,Politicians/Republicans/Senate/Mike Crapo/_Mike Crapo Master Profile.md
https://www.independent.com/2026/03/04/republican-steve-hilton-campaigns-for-governor-promotes-califordable-agenda/,independent.com,DEAD,1,Politicians/Races/CA Governor 2026/Steve Hilton.md
https://www.influencewatch.org/non-profit/independence-usa-pac/,influencewatch.org,DEAD,1,Donors & Power Networks/Mega-Donors/Michael Bloomberg.md
https://www.influencewatch.org/organization/demand-justice/,influencewatch.org,DEAD,1,Donors & Power Networks/Dark Money/Demand Justice.md
https://www.influencewatch.org/person/paul-singer/,influencewatch.org,DEAD,1,Donors & Power Networks/Mega-Donors/Paul Singer.md
https://www.inquirer.com/politics/pennsylvania/governor-election-campaign-donors-pa-reelection-20260304.html,inquirer.com,DEAD,1,Stories/Published/2028 Presidential Race/Harris-Newsom Donor Class Fracture.md
https://www.institutenorth.org/alaska-budget-oil-revenue,institutenorth.org,DEAD,1,Stories/Published/2026 Senate Races/Alaska 2026 Senate Race.md
https://intelligence.house.gov/news/documentsingle.aspx,intelligence.house.gov,DEAD,1,Politicians/Republicans/House/Rick Crawford/_Rick Crawford Master Profile.md
https://www.investmentlawwatch.com/2025/01/24/president-trump-executive-order-steering-digital-assets-policy/,investmentlawwatch.com,DEAD,1,Donors & Power Networks/Tech & Crypto/Fairshake PAC.md
https://investor.bankofamerica.com/news-and-events/news-releases/2005,investor.bankofamerica.com,DEAD,1,Politicians/Democrats/Presidential/Joe Biden/The Bankruptcy Bill and MBNA - The Credit Card Senator's Defining Vote.md
https://iowacapitaldispersary.com/2026/01/news/,iowacapitaldispersary.com,CONNECTION_ERROR,1,Politicians/Democrats/Governors/Janet Mills/Opioid Litigation and Pharmaceutical Industry Accountability.md
https://www.iowapublicradio.org/political-news/2025-06-11/democrat-iowa-senator-zach-wahls-campaign-for-u-s-senate-held-by-sen-joni-ernst,iowapublicradio.org,DEAD,2,Politicians/Democrats/Senate/Zach Wahls/Iowa Long Shot and the Rural Democrat Question.md | Politicians/Democrats/Senate/Zach Wahls/_Zach Wahls Master Profile.md
https://www.irs.gov/credits-and-deductions-for-businesses/opportunity-zones,irs.gov,DEAD,1,Donors & Power Networks/Real Estate/Real Estate Roundtable.md
https://itep.org/private-equity-tax-loophole/,itep.org,DEAD,1,Donors & Power Networks/Mega-Donors/Stephen Schwarzman.md
https://www.izzieaward.org/,izzieaward.org,CONNECTION_ERROR,1,Media & Influence Pipeline/Left/Aaron Maté.md
https://jacobinmag.com/2022/02/newsom-single-payer-healthcare,jacobinmag.com,DEAD,1,Politicians/Democrats/Governors/Gavin Newsom/Healthcare/Single-Payer Broken Promise.md
https://january6thcommittee.house.gov/news/press-releases/read-house-select-committee-january-6-final-report,january6thcommittee.house.gov,CONNECTION_ERROR,2,Politicians/Republicans/Presidential/Donald Trump/January 6th & Election Denial/January 6th and Election Denial - Donors and Backers.md | Politicians/Republicans/Presidential/Donald Trump/January 6th & Election Denial/The Insurrection Investment - Who Funded January 6th and What They Got.md
https://jewishfed.org/news/blog/mayor-newsom-heading-israel-federations-mission,jewishfed.org,DEAD,2,Politicians/Democrats/Governors/Gavin Newsom/Israel/Early History and Background Ties 2003-2019.md | Politicians/Democrats/Governors/Gavin Newsom/Israel/Pro-Israel Donor Network Deep Dive.md
https://www.jta.org/2026/01/30/politics/ritchie-torres-challengers-are-testing-how-israel-plays-in-the-bronx-and-testing-aim-at-zionists-in-a-jewish-neighborhood,jta.org,DEAD,1,Politicians/Democrats/House/Ritchie Torres.md
https://www.judiciary.senate.gov/imo/media/doc/Blasey%20Ford%20Testimony.pdf,judiciary.senate.gov,DEAD,1,Politicians/SCOTUS/Brett Kavanaugh/The 17 Million Dollar Confirmation and the Leonard Leo Pipeline.md
https://www.judiciary.senate.gov/judicial-nominations/,judiciary.senate.gov,DEAD,1,Politicians/Democrats/Senate/Dick Durbin/The Judiciary Committee and Criminal Justice Reform Limits.md
https://www.judiciary.senate.gov/supreme-court-ethics,judiciary.senate.gov,DEAD,1,Donors & Power Networks/Mega-Donors/Harlan Crow.md
https://www.justice.gov/archive/tax/txdv05618.htm,justice.gov,DEAD,1,Politicians/Republicans/Trump Cabinet/Jared Kushner/Kushner Companies and the Slumlord Record.md
https://www.justice.gov/archives/usao-sdfl/jeffrey-epstein,justice.gov,DEAD,1,Politicians/Republicans/Trump Cabinet/Alexander Acosta/The Epstein Plea Deal and Labor Secretary Appointment.md
https://www.justice.gov/atr/page/file/1567116/download,justice.gov,DEAD,1,Stories/Published/Contradiction Deep Dives/Contradiction 23 - Prison Telecom Monopoly Profits From Bipartisan Neglect.md
https://www.justice.gov/civil/opioid-litigation-settlements,justice.gov,DEAD,1,Stories/Published/2026 Senate Races/New Hampshire 2026 Senate Race.md
https://www.justice.gov/opa/pr/justice-department-requires-cvs-and-aetna-divest-aetnas-medicare-individual-part-d,justice.gov,DEAD,1,Donors & Power Networks/Healthcare/CVS Health - Aetna.md
https://www.justice.gov/usao-sdfl/united-states-v-jeffrey-epstein,justice.gov,DEAD,1,Donors & Power Networks/Jeffrey Epstein Network.md
https://jweekly.com/2019/08/16/newsom-ethnic-studies-draft-offensive/,jweekly.com,DEAD,1,Politicians/Democrats/Governors/Gavin Newsom/Education/Ethnic Studies - Whose History Gets Taught.md
https://www.kcrg.com/2025/03/12/representative-hinson-urges-lawmakers-pass-bill-making-e15-ethanol-available-year-round-across-the-nation/,kcrg.com,DEAD,1,Politicians/Republicans/Senate/Ashley Hinson/E15 Ethanol and Agricultural Subsidy Advocacy.md
https://www.kff.org/medicaid/state-indicator/births-covered-by-medicaid/,kff.org,DEAD,1,Politicians/Democrats/Governors/Amy Acton/The Healthcare Platform and the Insurance Industry Question.md
https://www.kff.org/medicare/issue-brief/explaining-the-pharmaceutical-provisions-in-the-inflation-reduction-act/,kff.org,DEAD,1,Politicians/Republicans/House/_Brett Guthrie Master Profile.md
https://www.kff.org/report-section/health-insurance-coverage-of-the-nonelderly-state-level-estimates-of-coverage-estimates-by-age/,kff.org,DEAD,1,Politicians/Democrats/Presidential/Barack Obama/The ACA - Insurance Industry Capture Disguised as Healthcare Reform.md
https://www.ksat.com/news/texas/2025/11/13/u-s-rep-jodey-arrington-who-carried-trump8217s-tax-and-spending-megabill-is-retiring/,ksat.com,DEAD,1,Politicians/Republicans/House/Jodey Arrington/_Jodey Arrington Master Profile.md
https://www.latimes.com/business/story/2020-10-20/prop-22-gig-workers-uber-lyft-record-spending,latimes.com,DEAD,4,Donors & Power Networks/Gig Economy/DoorDash.md | Donors & Power Networks/Gig Economy/Lyft.md | Donors & Power Networks/Gig Economy/Uber.md | Politicians/Democrats/Governors/Gavin Newsom/Labor/Prop 22 - The $200M Corporate Rollback.md
https://www.latimes.com/business/story/2023-09-11/fast-food-minimum-wage-deal-explained,latimes.com,DEAD,1,Politicians/Democrats/Governors/Gavin Newsom/Labor/FAST Act and the AB 1228 Deal.md
https://www.latimes.com/california/story/2019-07-12/california-wildfire-legislation-signed-pge,latimes.com,DEAD,1,Politicians/Democrats/Governors/Gavin Newsom/Environment/PG&E - The Utility Donor and the Wildfire Cover.md
https://www.latimes.com/california/story/2019-09-18/gavin-newsom-signs-ab5-worker-protection-bill,latimes.com,DEAD,1,Politicians/Democrats/Governors/Gavin Newsom/Labor/AB5 - Gig Worker Classification.md
https://www.latimes.com/california/story/2019-10-13/newsom-vetoes-charter-school-geographic-restriction-bill,latimes.com,DEAD,2,Donors & Power Networks/Education/California Charter Schools Association.md | Politicians/Democrats/Governors/Gavin Newsom/Education/Charter Schools and the Billionaire Reform Movement.md
https://www.latimes.com/california/story/2020-06-30/san-quentin-coronavirus-outbreak,latimes.com,DEAD,1,Politicians/Democrats/Governors/Gavin Newsom/Criminal Justice/San Quentin - COVID Disaster and Rehabilitation Theater.md
https://www.latimes.com/california/story/2020-09-30/newsom-police-reform-bills-california,latimes.com,DEAD,1,Politicians/Democrats/Governors/Gavin Newsom/Criminal Justice/Policing Reform - George Floyd Era.md
https://www.latimes.com/california/story/2020-10-01/newsom-prop-21-rent-control,latimes.com,DEAD,1,"Politicians/Democrats/Governors/Gavin Newsom/Housing/Rent Control - Props 10, 21, and 33.md"
https://www.latimes.com/california/story/2020-11-24/newsom-children-attend-in-person-private-school,latimes.com,DEAD,1,Politicians/Democrats/Governors/Gavin Newsom/Education/COVID School Closures - Learning Loss and Class Division.md
https://www.latimes.com/california/story/2021-03-05/teachers-union-california-schools-reopening,latimes.com,DEAD,1,Donors & Power Networks/Education/CTA - California Teachers Association.md
https://www.latimes.com/california/story/2022-09-29/newsom-vetoes-farmworker-union-vote-bill,latimes.com,DEAD,1,Politicians/Democrats/Governors/Gavin Newsom/Labor/Farmworker Union Rights - AB 2183 Veto and Reversal.md
https://www.latimes.com/california/story/2022-10-31/la-mansion-tax-measure-ula-explained,latimes.com,DEAD,1,Politicians/Races/CA Governor 2026/Antonio Villaraigosa/The Real Estate Mayor and the 2026 Donor Coalition.md
https://www.latimes.com/california/story/2024-07-25/newsom-orders-state-agencies-to-clear-homeless-encampments,latimes.com,DEAD,1,Politicians/Democrats/Governors/Gavin Newsom/Housing/Homelessness Spending and Encampments.md
https://www.latimes.com/california/story/2025-01-06/newsom-special-session-trump,latimes.com,DEAD,1,Politicians/Democrats/Governors/Gavin Newsom/Immigration/Trump Resistance and the 2028 Play.md
https://www.laughfactory.com/comedians/JimmyDore,laughfactory.com,DEAD,1,Media & Influence Pipeline/Right/Jimmy Dore.md
https://www.law.ucla.edu/centers/critical-race-theory-forward/crt-forward-tracking-project,law.ucla.edu,DEAD,1,Media & Influence Pipeline/Right/Christopher Rufo.md
https://www.lawfaremedia.org/article/the-u.s.-government,lawfaremedia.org,DEAD,1,Media & Influence Pipeline/Right/Tenet Media.md
https://lee.house.gov/issues/global-peace-and-security,lee.house.gov,CONNECTION_ERROR,1,Politicians/Democrats/House/Barbara Lee.md
https://legilist.com/finance/P000034/2024,legilist.com,DEAD,1,Politicians/Democrats/House/Frank Pallone/_Frank Pallone Master Profile.md
https://www.lockheedmartin.com/en-us/news/investor-information.html,lockheedmartin.com,DEAD,1,Politicians/Democrats/Presidential/Joe Biden/The Defense Budget Pipeline - Record Peacetime Spending and Contractor Profits.md
https://markgreen.house.gov/biography,markgreen.house.gov,CONNECTION_ERROR,1,Politicians/Republicans/House/Mark Green/_Mark Green Master Profile.md
https://mauinow.com/2024/04/23/gov-green-renews-commitment-to-house-fema-ineligible-maui-wildfire-survivors-with-450-unit-ka-lai-ola-project/,mauinow.com,DEAD,2,Politicians/Democrats/Governors/Josh Green/The Maui Wildfire Response and the Rebuilding Money Trail.md | Politicians/Democrats/Governors/Josh Green/_Josh Green Master Profile.md
https://www.militarytimes.com/news/your-military/2020/06/26/appeals-court-trump-wrongly-diverted-2-5-billion-in-military-construction-funds-for-border-wall/,militarytimes.com,DEAD,1,Politicians/Republicans/Presidential/Donald Trump/Immigration/The Wall Contractor Money - Who Got Paid to Build What.md
https://www.motherjones.com/politics/2011/06/boehner-tobacco-checks,motherjones.com,DEAD,1,Politicians/Republicans/House/John Boehner/_John Boehner Master Profile.md
https://www.motherjones.com/politics/2013/02/donors-trust-donor-advised-fund-koch-dark-money/,motherjones.com,DEAD,1,Donors & Power Networks/Mega-Donors/Koch Network - Charles Koch.md
https://www.motherjones.com/politics/2023/03/bradley-foundation-woke-culture-war/,motherjones.com,DEAD,1,Media & Influence Pipeline/Right/Christopher Rufo.md
https://www.motherjones.com/politics/2023/06/anti-dei-activists-dark-money/,motherjones.com,DEAD,1,Media & Influence Pipeline/Right/Christopher Rufo.md
https://www.nasa.gov/humans-in-space/commercial-space/spacex/,nasa.gov,DEAD,1,Donors & Power Networks/Tech & Crypto/SpaceX.md
https://www.nasa.gov/press-release/nasa-selects-blue-origin-for-second-artemis-moon-lander,nasa.gov,DEAD,1,Donors & Power Networks/Mega-Donors/Jeff Bezos.md
https://www.nasdaq.com/articles/citadels-ken-griffin-opposes-tariffs-but-backs-trump-with-inaugural-1m-donation,nasdaq.com,DEAD,1,Stories/Published/Intra-Republican Contradiction Map.md
https://ncpg.org/research/,ncpg.org,CONNECTION_ERROR,1,Stories/Published/Investigations/Sports Gambling Industry State Capture.md
https://nebraskaexaminer.com/2024/04/09/u-rep-tom-cole-of-oklahoma-tapped-by-gop-as-house-appropriations-chairman,nebraskaexaminer.com,DEAD,1,Politicians/Republicans/House/Tom Cole/_Tom Cole Master Profile.md
https://nebraskaindependentnews.com/politics/deb-fischer-senate-election-2024-dan-osborn-pharma-campaign-money-drug-prices/,nebraskaindependentnews.com,DEAD,1,Politicians/Republicans/Senate/Deb Fischer/_Deb Fischer Master Profile.md
https://nebraskaindependentnews.com/politics/deb-fischers-senate-2024-election-dan-osborn-campaign-donations/,nebraskaindependentnews.com,DEAD,1,Politicians/Republicans/Senate/Deb Fischer/_Deb Fischer Master Profile.md
https://netfile.fppc.ca.gov/,netfile.fppc.ca.gov,CONNECTION_ERROR,1,Stories/Internal/Research Logs/2026-03-18 Finance Research.md
https://nonprofitquarterly.org/arabella-advisors-grows-as-a-major-dem-player/,nonprofitquarterly.org,DEAD,1,Donors & Power Networks/Dark Money/Arabella Advisors.md
https://www.npr.org/2021/01/07/954478011/u-s-chamber-of-commerce-condemns-violence-at-capitol,npr.org,DEAD,1,Donors & Power Networks/Dark Money/US Chamber of Commerce.md
https://www.ohiocapitaljournal.com/2021/06/householder-guilty-verdict/,ohiocapitaljournal.com,DEAD,1,Politicians/Democrats/Governors/Amy Acton/The COVID Tenure and the Political Fallout.md
https://www.ohiocapitaljournal.com/2025/02/labor-endorsements-acton/,ohiocapitaljournal.com,DEAD,1,Politicians/Democrats/Governors/Amy Acton/The Labor Coalition and What Unions Expect.md
https://www.ohioft.org/news/oft-endorses-acton-2026,ohioft.org,CONNECTION_ERROR,1,Politicians/Democrats/Governors/Amy Acton/The Labor Coalition and What Unions Expect.md
https://www.ohiohospitals.org/advocacy/rural-hospitals-at-risk,ohiohospitals.org,DEAD,1,Politicians/Democrats/Governors/Amy Acton/The Healthcare Platform and the Insurance Industry Question.md
https://oldcc.gov/state/rhode-island,oldcc.gov,DEAD,1,Politicians/Democrats/Senate/Jack Reed/_Jack Reed Master Profile.md
https://www.opensecrets.org/federal-lobbying/firms/clients,opensecrets.org,DEAD,1,Lobbying Firms & K Street/Akin Gump Strauss Hauer & Feld.md
https://www.opensecrets.org/members-of-congress/g/12345,opensecrets.org,DEAD,1,Politicians/Republicans/Governors/Glenn Youngkin/_Glenn Youngkin Master Profile.md
https://oversight.house.gov/hearing/the-impact-of-dark-money-organizations-on-elections/,oversight.house.gov,DEAD,1,Stories/Published/Investigations/Foreign Money in State Ballot Initiatives.md
https://oversight.house.gov/news/press-releases/committees-announce-investigation-into-trump-administrations-financial-dealings-saudi-arabia-and-other-foreign-governments,oversight.house.gov,DEAD,1,Politicians/Republicans/Trump Cabinet/Jared Kushner/_Jared Kushner Master Profile.md
https://penncapital-star.com/commentary/what-we-say-and-what-we-mean-when-we-talk-about-fettermans-hoodie-heather-macdonald-pennsylvania-capital-star/,penncapital-star.com,DEAD,1,Politicians/Democrats/Senate/John Fetterman/_John Fetterman Master Profile.md
https://www.pewresearch.org/journalism/2023/06/13/local-news-media-landscape/,pewresearch.org,DEAD,1,Donors & Power Networks/Media & Entertainment/Sinclair Broadcasting Group.md
https://www.pfizer.com/news/announcements/,pfizer.com,DEAD,1,Politicians/Republicans/Presidential/Donald Trump/Healthcare/The ACA Repeal That Never Came and the Pharma Donors Who Paid Either Way.md
https://www.pharmacwatch.org/2026-political-spending,pharmacwatch.org,CONNECTION_ERROR,1,Stories/Published/2026 Senate Races/New Hampshire 2026 Senate Race.md
https://www.pionline.com/hedge-funds/citadels-ken-griffin-criticizes-trump-tariff-and-tax-policies-calls-deregulation-a-godsend,pionline.com,DEAD,1,Donors & Power Networks/Mega-Donors/Kenneth Griffin.md
https://www.politifact.com/factchecks/2017/jan/18/other-98/viral-image-about-democratic-senators-and-big-pharma/,politifact.com,DEAD,1,Politicians/Democrats/Senate/Bob Casey.md
https://projects.propublica.org/congress/members/P000614-chris-pappas,projects.propublica.org,DEAD,1,Stories/Published/2026 Senate Races/New Hampshire 2026 Senate Race.md
https://projects.propublica.org/congress/members/S001181-dan-sullivan,projects.propublica.org,DEAD,1,Stories/Published/2026 Senate Races/Alaska 2026 Senate Race.md
https://projects.propublica.org/congress/members/S001184-lindsey-graham,projects.propublica.org,DEAD,1,Stories/Published/2026 Senate Races/South Carolina 2026 Senate Race.md
https://projects.propublica.org/nonprofits/download-filing,projects.propublica.org,DEAD,17,Donors & Power Networks/Agriculture/American Farm Bureau Federation.md | Donors & Power Networks/Agriculture/Cargill.md | Donors & Power Networks/Agriculture/John Deere.md | Donors & Power Networks/Agriculture/Tyson Foods.md | Donors & Power Networks/Agriculture/Western Growers Association.md | Donors & Power Networks/Carceral State/Aramark.md | Donors & Power Networks/Dark Money/New Venture Fund.md | Donors & Power Networks/Defense & Intelligence/Defense Contractors.md | Donors & Power Networks/Defense & Intelligence/General Dynamics.md | Donors & Power Networks/Defense & Intelligence/Lockheed Martin.md | Donors & Power Networks/Energy & Utilities/Marathon Petroleum.md | Donors & Power Networks/Healthcare/Humana.md | Donors & Power Networks/Labor Unions/AFGE - American Federation of Government Employees.md | Donors & Power Networks/Labor Unions/California Nurses Association.md | Donors & Power Networks/Labor Unions/United Farm Workers.md | Donors & Power Networks/Super PACs/WinRed.md | Think Tanks & Policy Infrastructure/Liberal/InfluenceMap.md
https://projects.propublica.org/nonprofits/organizations/135626156,projects.propublica.org,DEAD,1,Media & Influence Pipeline/Right/Christopher Rufo.md
https://projects.propublica.org/nonprofits/organizations/136181096,projects.propublica.org,DEAD,1,Media & Influence Pipeline/Right/Dinesh D'Souza.md
https://projects.propublica.org/nonprofits/organizations/271663043,projects.propublica.org,DEAD,1,Stories/Published/Investigations/Foreign Money in State Ballot Initiatives.md
https://projects.propublica.org/nonprofits/organizations/271747501,projects.propublica.org,DEAD,1,Donors & Power Networks/Dark Money/Concerned Veterans for America.md
https://projects.propublica.org/nonprofits/organizations/273725506,projects.propublica.org,DEAD,1,Donors & Power Networks/Mega-Donors/Jeffrey Katzenberg.md
https://projects.propublica.org/nonprofits/organizations/274562374,projects.propublica.org,DEAD,1,Politicians/SCOTUS/Amy Coney Barrett/The 22 Million Dollar Confirmation and the McConnell Precedent Reversal.md
https://projects.propublica.org/nonprofits/organizations/351663067,projects.propublica.org,DEAD,1,Stories/Published/Investigations/ALEC Dark Money Protection Machine.md
https://projects.propublica.org/nonprofits/organizations/431501265,projects.propublica.org,DEAD,1,Think Tanks & Policy Infrastructure/The Revolving Door — A Cross-Think-Tank Personnel Map.md
https://projects.propublica.org/nonprofits/organizations/474943695,projects.propublica.org,DEAD,1,Donors & Power Networks/Super PACs/One Nation.md
https://projects.propublica.org/nonprofits/organizations/520981423,projects.propublica.org,DEAD,1,Think Tanks & Policy Infrastructure/The Revolving Door — A Cross-Think-Tank Personnel Map.md
https://projects.propublica.org/nonprofits/organizations/521544430,projects.propublica.org,DEAD,1,Donors & Power Networks/Dark Money/Environmental Law & Policy Center.md
https://projects.propublica.org/nonprofits/organizations/522087327,projects.propublica.org,DEAD,1,Donors & Power Networks/Dark Money/Donors Capital Fund.md
https://projects.propublica.org/nonprofits/organizations/854970843,projects.propublica.org,DEAD,1,Donors & Power Networks/Super PACs/Marble Freedom Trust.md
https://projects.propublica.org/nonprofits/organizations/855631396,projects.propublica.org,DEAD,1,Media & Influence Pipeline/Right/Christopher Rufo.md
https://projects.propublica.org/nonprofits/organizations/873379391,projects.propublica.org,DEAD,1,Politicians/Republicans/Presidential/Donald Trump/January 6th & Election Denial/The Insurrection Investment - Who Funded January 6th and What They Got.md
https://projects.propublica.org/nonprofits/organizations/951098605,projects.propublica.org,DEAD,1,Think Tanks & Policy Infrastructure/The Revolving Door — A Cross-Think-Tank Personnel Map.md
https://projects.propublica.org/revolving-door-searchable-database/,projects.propublica.org,DEAD,2,Politicians/Republicans/Trump Cabinet/Colin Powell/_Colin Powell Master Profile.md | Politicians/Republicans/Trump Cabinet/Condoleezza Rice/_Condoleezza Rice Master Profile.md
https://projects.propublica.org/uae-washington-influence/,projects.propublica.org,DEAD,1,Stories/Published/Investigations/Think Tank Capture - Foreign Governments Writing US Policy.md
https://projects.propublica.org/uae-washington/,projects.propublica.org,DEAD,1,Stories/Published/Investigations/Think Tank Capture - Foreign Governments Writing US Policy.md
https://propublica.org/alabama-sports-betting,propublica.org,DEAD,1,Stories/Published/Investigations/Sports Gambling Industry State Capture.md
https://propublica.org/cfpb-payday-lending,propublica.org,DEAD,1,Stories/Published/Investigations/Payday Lending Regulatory Capture.md
https://propublica.org/geo-corecivic-donations,propublica.org,DEAD,1,Stories/Published/Investigations/Private Prison Immigration Pipeline.md
https://propublica.org/revolving-door,propublica.org,DEAD,1,Stories/Published/Investigations/The Revolving Door Explosion of 2025.md
https://www.propublica.org/article/securus-jail-phone-calls-attorney-client-privilege,propublica.org,DEAD,1,Stories/Published/Contradiction Deep Dives/Contradiction 23 - Prison Telecom Monopoly Profits From Bipartisan Neglect.md
https://www.propublica.org/article/the-quiet-rooms-where-democracys-demise-began-in-michigan,propublica.org,DEAD,1,Stories/Published/Contradiction Deep Dives/Contradiction 21 - Water Privatization Both Parties Sell Public Infrastructure to Donors.md
https://www.prwatch.org/arizona-%E2%80%9Cground-zero%E2%80%9D-koch-attack-public-education/,prwatch.org,DEAD,1,Donors & Power Networks/Dark Money/ALEC - American Legislative Exchange Council.md
https://www.prwatch.org/news/2016/01/13025/cmd-and-crew-broke-law,prwatch.org,DEAD,1,Politicians/Republicans/Senate/Joni Ernst/Ernst Campaign Finance Research - Verified Dates and Amounts.md
https://publicintegrity.org/business/financial-crisis/the-great-recession-prosecution-scorecard/,publicintegrity.org,DEAD,1,Politicians/Democrats/Presidential/Barack Obama/The Bank Bailout and the Prosecution That Never Came.md
https://publicintegrity.org/politics/democracy-alliance-liberal-koch-network/,publicintegrity.org,DEAD,1,Politicians/Democrats/Presidential/Barack Obama/The Post-Presidency Capitalization - From Hope and Change to Martha's Vineyard.md
https://www.publicintegrity.org/defense-contractors-profiting-iraq,publicintegrity.org,DEAD,1,Politicians/Republicans/Presidential/George W Bush/_George W Bush Master Profile.md
https://read-sludge.myopengov.com/politicians/kay-granger,read-sludge.myopengov.com,CONNECTION_ERROR,1,Politicians/Republicans/House/_Kay Granger Master Profile.md
https://www.reckon.news/news/2024/07/rnc-speaker-sen-katie-britts-ties-to-big-oil-and-alabama-power/,reckon.news,DEAD,1,Politicians/Republicans/Senate/Katie Britt.md
https://www.reed.senate.gov/about,reed.senate.gov,DEAD,1,Politicians/Democrats/Senate/Jack Reed/_Jack Reed Master Profile.md
https://responsiblestatecraft.org/2020/05/20/think-tank-funding-and-u-s-foreign-policy/,responsiblestatecraft.org,DEAD,1,Think Tanks & Policy Infrastructure/The Revolving Door — A Cross-Think-Tank Personnel Map.md
https://www.reuters.com/business/healthcare-pharmaceuticals/jnj-talc-settlement/,reuters.com,DEAD,1,Donors & Power Networks/Pharma & Healthcare/Johnson & Johnson.md
https://www.reuters.com/legal/binance-ceo-zhou-criminal-charges-dropped-trump-administration-decision-2025-05-29/,reuters.com,DEAD,1,Donors & Power Networks/Tech & Crypto/Fairshake PAC.md
https://www.reuters.com/world/us/2025-musk-departs-doge,reuters.com,DEAD,1,Stories/Published/Ohio 2026 - The Donor Pipeline Comparison - Acton vs Ramaswamy.md
https://www.reuters.com/world/us/jackson-mississippi-still-lacks-clean-running-water-2022-09-01/,reuters.com,DEAD,1,Stories/Published/Contradiction Deep Dives/Contradiction 21 - Water Privatization Both Parties Sell Public Infrastructure to Donors.md
https://www.risch.senate.gov/public/index.cfm/2025/5/risch-leads-legislation-to-counter-adversary-nuclear-energy-programs,risch.senate.gov,DEAD,1,Politicians/Republicans/Senate/Jim Risch/_Jim Risch Master Profile.md
https://www.roivant.com/social-ventures,roivant.com,DEAD,1,Stories/Published/Ohio 2026 - The Donor Pipeline Comparison - Acton vs Ramaswamy.md
https://rollcall.com/2023/04/11/house-democrats-main-super-pac-putting-35-million-into-california/,rollcall.com,DEAD,1,Donors & Power Networks/Super PACs/House Majority PAC.md
https://rollcall.com/k-street-hiring,rollcall.com,DEAD,1,Stories/Published/Investigations/The Revolving Door Explosion of 2025.md
https://www.rollcall.com/news/frank-lucas-science-committee-chair/,rollcall.com,DEAD,1,Politicians/Republicans/House/_Frank Lucas Master Profile.md
https://www.rollcall.com/news/home/bernie-sanders-financial-disclosure-form-2019,rollcall.com,DEAD,1,Politicians/Democrats/Presidential/Barack Obama/The Post-Presidency Capitalization - From Hope and Change to Martha's Vineyard.md
https://salon.com/k-street-congressional-hiring,salon.com,DEAD,1,Stories/Published/Investigations/The Revolving Door Explosion of 2025.md
https://www.salon.com/2017/12/05/how-center-for-american-progress-became-a-corporate-think-tank/,salon.com,DEAD,1,Donors & Power Networks/Dark Money/Center for American Progress.md
https://www.salon.com/2021/10/19/colin-powell-served-defense-contractors-well-after-government/,salon.com,DEAD,1,Politicians/Republicans/Trump Cabinet/Colin Powell/_Colin Powell Master Profile.md
https://www.salon.com/2023/06/01/kevin-mccarthy-fossil-fuel-speaker-baker/,salon.com,DEAD,1,Politicians/Republicans/House/_Kevin McCarthy Master Profile.md
https://www.sanders.senate.gov/healthcare,sanders.senate.gov,DEAD,1,Politicians/Democrats/Presidential/Joe Biden/The Pharmaceutical Deal and the IRA - Ten Drugs Out of Twelve Thousand.md
https://www.sandiegouniontribune.com/la-pol-ca-essential-politics-updates-netflix-ceo-and-ed-reform-advocate-reed-1523495119-htmlstory.html,sandiegouniontribune.com,DEAD,2,Politicians/Races/CA Governor 2026/Antonio Villaraigosa/_Antonio Villaraigosa Master Profile.md | Politicians/Races/CA Governor 2026/Tony Thurmond/The Education Establishment and the Charter School War.md
https://www.scdemocrats.org/annie-andrews-2026,scdemocrats.org,DEAD,1,Stories/Published/2026 Senate Races/South Carolina 2026 Senate Race.md
https://scholarlycommons.law.northwestern.edu/cgi/viewcontent.cgi,scholarlycommons.law.northwestern.edu,DEAD,1,Stories/Published/Helms-Burton Title III and the Bacardi Trademark Wars.md
https://scholars.unh.edu/cgi/viewcontent.cgi,scholars.unh.edu,DEAD,1,Stories/Published/2028 Presidential Race/2028 Presidential Landscape.md
https://www.scientificamerican.com/article/nasa-says-a-litany-of-failures-led-to-2024-boeing-starliner/,scientificamerican.com,DEAD,1,Donors & Power Networks/Defense & Intelligence/Boeing.md
https://sfist.com/2024/02/23/fairshake-super-pac-spends-millions-on-ads-against-katie-porter/,sfist.com,DEAD,1,Politicians/Races/CA Governor 2026/Katie Porter/Fairshake and the Crypto Industry War.md
https://www.sierceclub.org/articles/2021/04/biden-faced-his-first-test-dapl-he-flunked,sierceclub.org,CONNECTION_ERROR,1,Stories/Published/Contradiction Deep Dives/Contradiction 13 - DAPL Survives Both Parties - The Bipartisan Fossil Fuel Consensus.md
https://www.sierraclub.org/sierra/2023-3-fall/notes-here-there/states-are-criminalizing-environmental-activist,sierraclub.org,DEAD,1,Stories/Published/ALEC Legislative Language Layer - Who Actually Writes the Laws.md
https://soprweb.senate.gov/,soprweb.senate.gov,CONNECTION_ERROR,2,Politicians/Democrats/Senate/Harry Reid/_Harry Reid Master Profile.md | Politicians/Democrats/Senate/Hillary Clinton/_Hillary Clinton Master Profile.md
https://soprweb.senate.gov/index.cfm,soprweb.senate.gov,CONNECTION_ERROR,1,Donors & Power Networks/Mega-Donors/Stephen Schwarzman.md
https://www.sos.arkansas.gov/elections/campaign-finance,sos.arkansas.gov,DEAD,1,Politicians/Republicans/Governors/Sarah Huckabee Sanders/_Sarah Huckabee Sanders Master Profile.md
https://www.sos.ca.gov/campaign-lobbying/cal-access-portal,sos.ca.gov,DEAD,1,Donors & Power Networks/Labor Unions/IBEW California State Association.md
https://sos.nv.gov/,sos.nv.gov,CONNECTION_ERROR,1,Politicians/Democrats/Senate/Harry Reid/_Harry Reid Master Profile.md
https://www.sourcewatch.org/index.php/ALEC_Exposed,sourcewatch.org,DEAD,1,Donors & Power Networks/Mega-Donors/Koch Network - Charles Koch.md
https://www.sourcewatch.org/index.php/REDMAP,sourcewatch.org,DEAD,1,Donors & Power Networks/Mega-Donors/Koch Network - Charles Koch.md
https://www.spokesman.com/stories/2024/mar/18/california-speeds-plans-to-empty-san-quentins-death/,spokesman.com,DEAD,1,Politicians/Democrats/Governors/Gavin Newsom/Criminal Justice/Death Penalty Moratorium - Genuine Win With Limits.md
https://www.state.gov/biographies/secretary-of-state/,state.gov,DEAD,1,Politicians/Republicans/Trump Cabinet/Marco Rubio/The Secretary of State and Sugar-Defense-Israel Donor Triangle.md
https://www.state.gov/defense-trade-controls/,state.gov,DEAD,1,Politicians/International/Benjamin Netanyahu/The Trump Alliance and US Military Aid.md
https://www.statnews.com/2025/02/03/big-pharma-pac-contributions-to-bernie-sanders-elizabeth-warren-open-secrets-data/,statnews.com,DEAD,1,Stories/Published/Contradiction Deep Dives/Contradiction 03 - PhRMA Kills Drug Negotiation From Both Sides.md
https://www.statnews.com/article/fda-deregulation-pharma/,statnews.com,DEAD,1,Politicians/Democrats/Governors/Amy Acton/The Healthcare Platform and the Insurance Industry Question.md
https://www.statnews.com/cvs-vertical-integration/,statnews.com,DEAD,1,Donors & Power Networks/Healthcare/CVS Health - Aetna.md
https://www.statnews.com/medicare-advantage-upcoding/,statnews.com,DEAD,1,Donors & Power Networks/Healthcare/Humana.md
https://www.stripes.com/veterans/2022-08-10/biden-signs-pact-act-burn-pits-veterans-6921619.html,stripes.com,DEAD,1,Politicians/Democrats/House/Mark Takano/_Mark Takano Master Profile.md
https://www.supremecourt.gov/opinions/09pdf/08-205.pdf,supremecourt.gov,DEAD,1,Politicians/SCOTUS/John Roberts/Citizens United and the Architecture of Unlimited Political Money.md
https://www.supremecourt.gov/opinions/12pdf/12-96_6k47.pdf,supremecourt.gov,DEAD,1,Politicians/SCOTUS/John Roberts/Shelby County and the Donor-Class Voter Suppression Strategy.md
https://www.supremecourt.gov/opinions/21pdf/20-1530_new6o1f.pdf,supremecourt.gov,DEAD,2,Politicians/SCOTUS/Amy Coney Barrett/The Supermajority Rulings and the Donor-Class Returns.md | Politicians/SCOTUS/Brett Kavanaugh/The Executive Power Portfolio and the Donor-Class Rulings.md
https://www.supremecourt.gov/opinions/21pdf/20-843_ihdb.pdf,supremecourt.gov,DEAD,1,Politicians/SCOTUS/Amy Coney Barrett/The Supermajority Rulings and the Donor-Class Returns.md
https://www.supremecourt.gov/opinions/22pdf/21-476_i29d.pdf,supremecourt.gov,DEAD,1,Politicians/SCOTUS/Amy Coney Barrett/The Supermajority Rulings and the Donor-Class Returns.md
https://www.supremecourt.gov/opinions/23pdf/22-451_7kgm.pdf,supremecourt.gov,DEAD,1,Politicians/SCOTUS/Amy Coney Barrett/The Supermajority Rulings and the Donor-Class Returns.md
https://www.supremecourt.gov/opinions/23pdf/22-976_c07d.pdf,supremecourt.gov,DEAD,1,Politicians/Republicans/Presidential/Donald Trump/Guns/The NRA Investment and the Second Amendment Theater.md
https://www.susmangodfrey.com/wins/fox-news-to-pay-787-5-million-to-defamations-claims-brought-by-susman-godfrey-client-dominion-voting-systems/,susmangodfrey.com,DEAD,1,Politicians/Republicans/Presidential/Donald Trump/Media & Propaganda/The Fox News Pipeline - How Media Money Shaped the MAGA Machine.md
https://www.tampabay.com/news/florida-politics/2026/03/desantis-donor-network-moody-campaign,tampabay.com,DEAD,1,Stories/Published/2026 Senate Races/Florida 2026 Special Senate Election.md
https://taxfoundation.org/research/all/federal/carried-interest-tax-debate/,taxfoundation.org,DEAD,1,Donors & Power Networks/Mega-Donors/Stephen Schwarzman.md
https://taxfoundation.org/research/all/federal/tariffs-impact/,taxfoundation.org,DEAD,1,Politicians/Republicans/Presidential/Donald Trump/Trade & Tariffs/Tariff Wars - The Working Class Tax Disguised as Trade Policy.md
https://www.taxpolicycenter.org/taxvox/repealing-kind-exchanges-raises-revenue-mostly-high-income-taxpayers,taxpolicycenter.org,DEAD,1,Donors & Power Networks/Real Estate/Real Estate Roundtable.md
https://www.technologyreview.com/2019/09/11/133106/ab5-gig-work-uber-lyft-california-law/,technologyreview.com,DEAD,1,Politicians/Democrats/Governors/Gavin Newsom/Labor/AB5 - Gig Worker Classification.md
https://www.texastribune.org/2025/06/02/texas-border-wall-funding/,texastribune.org,DEAD,1,Donors & Power Networks/Mega-Donors/Timothy Mellon.md
https://www.texastribune.org/cuellar-cisneros-primary/,texastribune.org,DEAD,1,Politicians/Democrats/House/Henry Cuellar/The Last Oil Democrat - Fossil Fuel Money in a Blue District.md
https://www.thedailybeast.com/big-money-billionaire-brothers-give-ted-cruz-dollar15m,thedailybeast.com,DEAD,1,Donors & Power Networks/Mega-Donors/Wilks Brothers.md
https://www.thedailybeast.com/megadonor-miriam-adelson-offers-donald-trump-250m-run-for-third-term/,thedailybeast.com,DEAD,1,Stories/Published/2028 Presidential Race/Adelson 250M Republican Kingmaker Pledge.md
https://www.theguardian.com/business/2024/mar/12/hedge-fund-billionaire-kenneth-griffin,theguardian.com,DEAD,1,Donors & Power Networks/Mega-Donors/Ken Griffin.md
https://www.theguardian.com/environment/2007/feb/02/frontpagenews.internationalnewscomment,theguardian.com,DEAD,1,Think Tanks & Policy Infrastructure/Conservative/American Enterprise Institute.md
https://www.theguardian.com/environment/2023/feb/08/pfas-forever-chemicals-lobbying-congress,theguardian.com,DEAD,1,Stories/Published/Contradiction Deep Dives/Contradiction 21 - Water Privatization Both Parties Sell Public Infrastructure to Donors.md
https://www.theguardian.com/us-news/2014/mar/25/walton-family-foundation-charter-schools,theguardian.com,DEAD,1,Donors & Power Networks/Education/Walton Family Foundation.md
https://www.theguardian.com/us-news/2017/dec/20/republicans-tax-bill-paul-ryan-deficit,theguardian.com,DEAD,1,Politicians/Republicans/House/Paul Ryan/_Paul Ryan Master Profile.md
https://www.theguardian.com/us-news/2019/nov/15/farm-subsidies-agriculture-committee-members/,theguardian.com,DEAD,1,Politicians/Republicans/House/_Frank Lucas Master Profile.md
https://www.theguardian.com/us-news/2021/aug/20/prop-22-unconstitutional-california-ruling-gig-workers,theguardian.com,DEAD,1,Politicians/Democrats/Governors/Gavin Newsom/Labor/Prop 22 - The $200M Corporate Rollback.md
https://www.theguardian.com/us-news/2021/jan/11/sheldon-adelson-dead-pro-israel-mega-donor,theguardian.com,DEAD,1,Donors & Power Networks/Israel Lobby/Republican Jewish Coalition.md
https://www.theguardian.com/us-news/2023/jun/15/kevin-mccarthy-fossil-fuel-speaker-debt-deal,theguardian.com,DEAD,1,Politicians/Republicans/House/_Kevin McCarthy Master Profile.md
https://www.theguardian.com/us-news/2024/abortion-pac-influence,theguardian.com,DEAD,1,Donors & Power Networks/Super PACs/Susan B. Anthony Pro-Life America PAC.md
https://www.theguardian.com/us-news/2024/apr/01/billionaire-donor-tiktok-stake,theguardian.com,DEAD,1,Donors & Power Networks/Mega-Donors/Jeffrey Yass.md
https://www.theguardian.com/world/2003/feb/05/usa.iraq,theguardian.com,DEAD,1,Politicians/Republicans/Trump Cabinet/Colin Powell/_Colin Powell Master Profile.md
https://www.theguardian.com/world/2008/jan/20/usa.chevron,theguardian.com,DEAD,1,Politicians/Republicans/Trump Cabinet/Condoleezza Rice/_Condoleezza Rice Master Profile.md
https://www.theiacp.org/resources/policy-center,theiacp.org,DEAD,1,Donors & Power Networks/Law Enforcement/International Association of Chiefs of Police.md
https://www.themarshallproject.org/2019/08/22/private-prison-companies-are-spending-millions-to-elect-tough-on-crime-candidates,themarshallproject.org,DEAD,1,Donors & Power Networks/Carceral State/CoreCivic.md
https://thenation.com/article/detention-profits/,thenation.com,DEAD,1,Stories/Published/Investigations/Private Prison Immigration Pipeline.md
https://www.thenation.com/article/news/jacobin-sunkara-nation/,thenation.com,DEAD,1,Media & Influence Pipeline/Left/Jacobin.md
https://www.theodoreroosevelthouse.org/polls,theodoreroosevelthouse.org,CONNECTION_ERROR,1,Stories/Published/Ohio 2026 - The Donor Pipeline Comparison - Acton vs Ramaswamy.md
https://www.theusconstitution.org/news/justice-alitos-stock-portfolio-stands-apart-on-us-supreme-court/,theusconstitution.org,DEAD,1,Politicians/SCOTUS/Samuel Alito/Fossil Fuel Investments and the Recusal Pattern.md
https://www.theverge.com/apple-self-service-repair-pricing/,theverge.com,DEAD,1,Donors & Power Networks/Tech & Crypto/Apple.md
https://www.theverge.com/coinbase-fairshake-pac-political-spending/,theverge.com,DEAD,1,Donors & Power Networks/Tech & Crypto/Coinbase.md
https://www.theverge.com/microsoft-activision-acquisition/,theverge.com,DEAD,1,Donors & Power Networks/Tech & Crypto/Microsoft.md
https://www.theverge.com/wyden-section-230/,theverge.com,DEAD,1,Politicians/Democrats/Senate/Ron Wyden/The Finance Committee and Corporate Tax Enforcement.md
https://tracxn.com/d/companies/crowdpac/,tracxn.com,DEAD,1,Politicians/Races/CA Governor 2026/Steve Hilton.md
https://www.usatoday.com/story/news/politics/2024/01/15/biden-administration-ukraine-aid-package/66988220/,usatoday.com,DEAD,1,Politicians/Democrats/Presidential/Joe Biden/The Defense Budget Pipeline - Record Peacetime Spending and Contractor Profits.md
https://www.usatoday.com/story/opinion/2019/02/07/justice-department-online-gambling-gop-donor-sheldon-adelson-trump-column/2019-02-07/,usatoday.com,DEAD,1,Donors & Power Networks/Mega-Donors/Adelson Family.md
https://www.uscourts.gov/news/2021/11/22/bankruptcy-filings-2021,uscourts.gov,DEAD,1,Politicians/Democrats/Presidential/Joe Biden/The Bankruptcy Bill and MBNA - The Credit Card Senator's Defining Vote.md
https://www.uspto.gov/about-us/performance-and-planning/agency-strategic-documents,uspto.gov,DEAD,1,Politicians/Democrats/Presidential/Barack Obama/The Silicon Valley Presidency - Google Surveillance and Market Dominance.md
https://washingtonmonthly.com/illinois-fairshake,washingtonmonthly.com,DEAD,1,Stories/Published/Investigations/Crypto PAC Regulatory Capture - Fairshake 2026.md
https://www.yahoo.com/news/articles/wealthy-elites-bankroll-dem-senate-203635284.html,yahoo.com,DEAD,1,Politicians/Democrats/Senate/Juliana Stratton/Juliana Stratton.md
